<?xml version="1.0" encoding="UTF-8" standalone="no"?>
<project default="create_run_jar" name="Create Runnable Jar for Project snowReq">
    <!--this file was created by Eclipse Runnable JAR Export Wizard-->
    <!--ANT 1.7 is required                                        -->
    <!--define folder properties-->
    <property name="dir.buildfile" value="."/>
    <property name="dir.workspace" value="${dir.buildfile}/.."/>
    <property name="dir.jarfile" value="${dir.buildfile}"/>
    <target name="create_run_jar">
        <jar destfile="${dir.jarfile}/snR.jar" filesetmanifest="mergewithoutmain">
            <manifest>
                <attribute name="Main-Class" value="generateDecision"/>
                <attribute name="Class-Path" value="."/>
            </manifest>
            <fileset dir="${dir.jarfile}/bin"/>
            <zipfileset excludes="META-INF/*.SF" src="${dir.jarfile}/lib/commons-codec-1.10.jar"/>
            <zipfileset excludes="META-INF/*.SF" src="${dir.jarfile}/lib/commons-logging-1.2.jar"/>
            <zipfileset excludes="META-INF/*.SF" src="${dir.jarfile}/lib/fluent-hc-4.5.6.jar"/>
            <zipfileset excludes="META-INF/*.SF" src="${dir.jarfile}/lib/httpclient-4.5.6.jar"/>
            <zipfileset excludes="META-INF/*.SF" src="${dir.jarfile}/lib/httpclient-cache-4.5.6.jar"/>
            <zipfileset excludes="META-INF/*.SF" src="${dir.jarfile}/lib/httpclient-win-4.5.6.jar"/>
            <zipfileset excludes="META-INF/*.SF" src="${dir.jarfile}/lib/httpcore-4.4.10.jar"/>
            <zipfileset excludes="META-INF/*.SF" src="${dir.jarfile}/lib/httpmime-4.5.6.jar"/>
            <zipfileset excludes="META-INF/*.SF" src="${dir.jarfile}/lib/jna-4.4.0.jar"/>
            <zipfileset excludes="META-INF/*.SF" src="${dir.jarfile}/lib/jna-platform-4.4.0.jar"/>
        </jar>
    </target>
</project>
